binary_id,cpu_usage,memory_usage,is_anomaly,is_actual_anomaly
bin_001,95,85,True,True
bin_002,78,90,True,False
bin_003,60,60,False,True
bin_004,45,30,False,False
bin_005,88,91,True,True
File,Architecture,Path
strace,64-bit,"/usr/bin/strace"
gnome-disk-image-mounter,64-bit,"/usr/bin/gnome-disk-image-mounter"
pydoc3.12,Unknown,"/usr/bin/pydoc3.12"
fbstat,64-bit,"/usr/bin/fbstat"
foo2oak-wrapper,Unknown,"/usr/bin/foo2oak-wrapper"
colrm,64-bit,"/usr/bin/colrm"
l2ping,64-bit,"/usr/bin/l2ping"
fprintd-delete,64-bit,"/usr/bin/fprintd-delete"
gs,64-bit,"/usr/bin/gs"
ps2pdf14,Unknown,"/usr/bin/ps2pdf14"
runc,64-bit,"/usr/bin/runc"
pw-midiplay,Unknown,"/usr/bin/pw-midiplay"
kbxutil,64-bit,"/usr/bin/kbxutil"
hexdump,64-bit,"/usr/bin/hexdump"
oem-getlogs,Unknown,"/usr/bin/oem-getlogs"
pair_align,Unknown,"/usr/bin/pair_align"
deb-systemd-invoke,Unknown,"/usr/bin/deb-systemd-invoke"
peglgears.x86_64-linux-gnu,64-bit,"/usr/bin/peglgears.x86_64-linux-gnu"
prime-select,Unknown,"/usr/bin/prime-select"
passwd,64-bit,"/usr/bin/passwd"
codepage,64-bit,"/usr/bin/codepage"
prlimit,64-bit,"/usr/bin/prlimit"
ntfsmove,64-bit,"/usr/bin/ntfsmove"
aplaymidi,64-bit,"/usr/bin/aplaymidi"
esc-m,64-bit,"/usr/bin/esc-m"
rdma,64-bit,"/usr/bin/rdma"
snapctl,Unknown,"/usr/bin/snapctl"
rustc,64-bit,"/usr/bin/rustc"
gnome-system-monitor,64-bit,"/usr/bin/gnome-system-monitor"
script,64-bit,"/usr/bin/script"
apt-ftparchive,64-bit,"/usr/bin/apt-ftparchive"
remmina-gnome,Unknown,"/usr/bin/remmina-gnome"
ps2pdf13,Unknown,"/usr/bin/ps2pdf13"
routel,Unknown,"/usr/bin/routel"
gdk-pixbuf-csource,64-bit,"/usr/bin/gdk-pixbuf-csource"
glxgears.x86_64-linux-gnu,64-bit,"/usr/bin/glxgears.x86_64-linux-gnu"
pinentry,Unknown,"/usr/bin/pinentry"
x86_64-linux-gnu-gi-decompile-typelib,Unknown,"/usr/bin/x86_64-linux-gnu-gi-decompile-typelib"
red,Unknown,"/usr/bin/red"
xeglgears,Unknown,"/usr/bin/xeglgears"
ipcrm,64-bit,"/usr/bin/ipcrm"
cpio,64-bit,"/usr/bin/cpio"
ckbcomp,Unknown,"/usr/bin/ckbcomp"
ftp,Unknown,"/usr/bin/ftp"
gnome-help,Unknown,"/usr/bin/gnome-help"
byobu-config,Unknown,"/usr/bin/byobu-config"
pygettext3,Unknown,"/usr/bin/pygettext3"
basename,64-bit,"/usr/bin/basename"
bpftrace-aotrt,64-bit,"/usr/bin/bpftrace-aotrt"
debconf-set-selections,Unknown,"/usr/bin/debconf-set-selections"
ntfsinfo,64-bit,"/usr/bin/ntfsinfo"
pt2to3,Unknown,"/usr/bin/pt2to3"
word-list-compress,64-bit,"/usr/bin/word-list-compress"
containerd,64-bit,"/usr/bin/containerd"
gcc-ranlib,Unknown,"/usr/bin/gcc-ranlib"
arch,64-bit,"/usr/bin/arch"
lomath,Unknown,"/usr/bin/lomath"
sbvarsign,64-bit,"/usr/bin/sbvarsign"
pslog,64-bit,"/usr/bin/pslog"
bmtoa,64-bit,"/usr/bin/bmtoa"
mpris-proxy,64-bit,"/usr/bin/mpris-proxy"
tty,64-bit,"/usr/bin/tty"
dpkg-deb,64-bit,"/usr/bin/dpkg-deb"
airscan-discover,64-bit,"/usr/bin/airscan-discover"
cvt,64-bit,"/usr/bin/cvt"
alsatplg,64-bit,"/usr/bin/alsatplg"
lpr,64-bit,"/usr/bin/lpr"
prove,Unknown,"/usr/bin/prove"
git,64-bit,"/usr/bin/git"
rpcgen,64-bit,"/usr/bin/rpcgen"
mako-render,Unknown,"/usr/bin/mako-render"
xsetroot,64-bit,"/usr/bin/xsetroot"
arm2hpdl,64-bit,"/usr/bin/arm2hpdl"
perl,64-bit,"/usr/bin/perl"
byobu-launch,Unknown,"/usr/bin/byobu-launch"
totem-video-thumbnailer,64-bit,"/usr/bin/totem-video-thumbnailer"
splazers,Unknown,"/usr/bin/splazers"
select-editor,Unknown,"/usr/bin/select-editor"
getconf,64-bit,"/usr/bin/getconf"
brltty-tune,64-bit,"/usr/bin/brltty-tune"
foo2xqx-wrapper,Unknown,"/usr/bin/foo2xqx-wrapper"
brltty-hid,64-bit,"/usr/bin/brltty-hid"
xlsatoms,64-bit,"/usr/bin/xlsatoms"
appstreamcli,64-bit,"/usr/bin/appstreamcli"
jpackage,Unknown,"/usr/bin/jpackage"
mimetype,Unknown,"/usr/bin/mimetype"
podchecker,Unknown,"/usr/bin/podchecker"
pw-midirecord,Unknown,"/usr/bin/pw-midirecord"
mbim-network,Unknown,"/usr/bin/mbim-network"
thunderbird,Unknown,"/usr/bin/thunderbird"
hp-clean,Unknown,"/usr/bin/hp-clean"
mkdir,64-bit,"/usr/bin/mkdir"
ntfsfallocate,64-bit,"/usr/bin/ntfsfallocate"
stat,64-bit,"/usr/bin/stat"
pdftoppm,64-bit,"/usr/bin/pdftoppm"
speaker-test,64-bit,"/usr/bin/speaker-test"
loadkeys,64-bit,"/usr/bin/loadkeys"
zforce,Unknown,"/usr/bin/zforce"
containerd-shim-runc-v2,64-bit,"/usr/bin/containerd-shim-runc-v2"
zstdmt,Unknown,"/usr/bin/zstdmt"
sponge,64-bit,"/usr/bin/sponge"
hp-probe,Unknown,"/usr/bin/hp-probe"
byobu-janitor,Unknown,"/usr/bin/byobu-janitor"
mokutil,64-bit,"/usr/bin/mokutil"
xfd,64-bit,"/usr/bin/xfd"
sbkeysync,64-bit,"/usr/bin/sbkeysync"
run-this-one,Unknown,"/usr/bin/run-this-one"
growpart,Unknown,"/usr/bin/growpart"
brltty-atb,64-bit,"/usr/bin/brltty-atb"
gnome-shell-extension-tool,Unknown,"/usr/bin/gnome-shell-extension-tool"
gp-archive,Unknown,"/usr/bin/gp-archive"
gcc-nm,Unknown,"/usr/bin/gcc-nm"
pipewire-pulse,Unknown,"/usr/bin/pipewire-pulse"
gpu-manager,64-bit,"/usr/bin/gpu-manager"
glxheads.x86_64-linux-gnu,64-bit,"/usr/bin/glxheads.x86_64-linux-gnu"
aseqdump,64-bit,"/usr/bin/aseqdump"
seq,64-bit,"/usr/bin/seq"
dig,64-bit,"/usr/bin/dig"
gnome-power-statistics,64-bit,"/usr/bin/gnome-power-statistics"
atopsar,Unknown,"/usr/bin/atopsar"
mousetweaks,64-bit,"/usr/bin/mousetweaks"
gipddecode,64-bit,"/usr/bin/gipddecode"
memfd-bind,64-bit,"/usr/bin/memfd-bind"
pdfunite,64-bit,"/usr/bin/pdfunite"
xcalc,64-bit,"/usr/bin/xcalc"
lckdo,64-bit,"/usr/bin/lckdo"
gtester,64-bit,"/usr/bin/gtester"
foo2qpdl-wrapper,Unknown,"/usr/bin/foo2qpdl-wrapper"
purge-old-kernels,Unknown,"/usr/bin/purge-old-kernels"
ubuntu-advantage,Unknown,"/usr/bin/ubuntu-advantage"
POST,Unknown,"/usr/bin/POST"
apt-mark,64-bit,"/usr/bin/apt-mark"
xorriso,64-bit,"/usr/bin/xorriso"
gtk-update-icon-cache,64-bit,"/usr/bin/gtk-update-icon-cache"
pcre2-config,Unknown,"/usr/bin/pcre2-config"
lesspipe,Unknown,"/usr/bin/lesspipe"
ldapmodrdn,64-bit,"/usr/bin/ldapmodrdn"
base64,64-bit,"/usr/bin/base64"
pipewire-avb,Unknown,"/usr/bin/pipewire-avb"
xdpyinfo,64-bit,"/usr/bin/xdpyinfo"
loadunimap,64-bit,"/usr/bin/loadunimap"
mscompress,64-bit,"/usr/bin/mscompress"
tree,64-bit,"/usr/bin/tree"
x86_64-linux-gnu-gp-display-text,64-bit,"/usr/bin/x86_64-linux-gnu-gp-display-text"
xwud,64-bit,"/usr/bin/xwud"
write,64-bit,"/usr/bin/write"
glxinfo,Unknown,"/usr/bin/glxinfo"
xargs,64-bit,"/usr/bin/xargs"
vigpg,Unknown,"/usr/bin/vigpg"
zstdcat,Unknown,"/usr/bin/zstdcat"
tracker3-status,64-bit,"/usr/bin/tracker3-status"
gtk-encode-symbolic-svg,64-bit,"/usr/bin/gtk-encode-symbolic-svg"
ntfs-3g.probe,64-bit,"/usr/bin/ntfs-3g.probe"
sg,Unknown,"/usr/bin/sg"
zenity,64-bit,"/usr/bin/zenity"
pip3.12,Unknown,"/usr/bin/pip3.12"
apt-sortpkgs,64-bit,"/usr/bin/apt-sortpkgs"
jsonpatch,Unknown,"/usr/bin/jsonpatch"
tracker3-export,64-bit,"/usr/bin/tracker3-export"
icuinfo,64-bit,"/usr/bin/icuinfo"
hp-doctor,Unknown,"/usr/bin/hp-doctor"
byobu-select-backend,Unknown,"/usr/bin/byobu-select-backend"
delv,64-bit,"/usr/bin/delv"
alsaucm,64-bit,"/usr/bin/alsaucm"
hp-query,Unknown,"/usr/bin/hp-query"
winepath-stable,Unknown,"/usr/bin/winepath-stable"
gdm-screenshot,64-bit,"/usr/bin/gdm-screenshot"
containerd-shim-runc-v1,64-bit,"/usr/bin/containerd-shim-runc-v1"
ibus-setup,Unknown,"/usr/bin/ibus-setup"
ptx,64-bit,"/usr/bin/ptx"
byobu-launcher-uninstall,Unknown,"/usr/bin/byobu-launcher-uninstall"
x86_64-linux-gnu-c++filt,64-bit,"/usr/bin/x86_64-linux-gnu-c++filt"
addpart,64-bit,"/usr/bin/addpart"
sqfscat,Unknown,"/usr/bin/sqfscat"
dbus-uuidgen,64-bit,"/usr/bin/dbus-uuidgen"
which.debianutils,Unknown,"/usr/bin/which.debianutils"
x86_64-linux-gnu-gp-display-src,64-bit,"/usr/bin/x86_64-linux-gnu-gp-display-src"
gnome-thumbnail-font,64-bit,"/usr/bin/gnome-thumbnail-font"
migrate-pubring-from-classic-gpg,Unknown,"/usr/bin/migrate-pubring-from-classic-gpg"
updatedb,Unknown,"/usr/bin/updatedb"
ntfsls,64-bit,"/usr/bin/ntfsls"
xmodmap,64-bit,"/usr/bin/xmodmap"
tracker3-endpoint,64-bit,"/usr/bin/tracker3-endpoint"
tracker3-reset,64-bit,"/usr/bin/tracker3-reset"
totem,64-bit,"/usr/bin/totem"
unicode_start,Unknown,"/usr/bin/unicode_start"
x86_64-linux-gnu-lto-dump-13,64-bit,"/usr/bin/x86_64-linux-gnu-lto-dump-13"
gdk-pixbuf-pixdata,64-bit,"/usr/bin/gdk-pixbuf-pixdata"
tail,64-bit,"/usr/bin/tail"
setfont,64-bit,"/usr/bin/setfont"
ps2pdf,Unknown,"/usr/bin/ps2pdf"
glxheads,Unknown,"/usr/bin/glxheads"
cancel,64-bit,"/usr/bin/cancel"
pod2html,Unknown,"/usr/bin/pod2html"
c++,Unknown,"/usr/bin/c++"
xkbvleds,64-bit,"/usr/bin/xkbvleds"
systemd-tmpfiles,64-bit,"/usr/bin/systemd-tmpfiles"
google-chrome-stable,Unknown,"/usr/bin/google-chrome-stable"
apropos,Unknown,"/usr/bin/apropos"
xkill,64-bit,"/usr/bin/xkill"
